image,class
A_0.jpg,A
A_1.jpg,A
A_2.jpg,A
A_3.jpg,A
A_4.jpg,A
A_5.jpg,A
A_6.jpg,A
A_7.jpg,A
A_8.jpg,A
A_9.jpg,A
A_10.jpg,A
A_11.jpg,A
A_12.jpg,A
A_13.jpg,A
A_14.jpg,A
A_15.jpg,A
A_16.jpg,A
A_17.jpg,A
A_18.jpg,A
A_19.jpg,A
A_20.jpg,A
A_21.jpg,A
A_22.jpg,A
A_23.jpg,A
A_24.jpg,A
A_25.jpg,A
A_26.jpg,A
A_27.jpg,A
A_28.jpg,A
A_29.jpg,A
A_30.jpg,A
A_31.jpg,A
A_32.jpg,A
A_33.jpg,A
A_34.jpg,A
A_35.jpg,A
A_36.jpg,A
A_37.jpg,A
A_38.jpg,A
A_39.jpg,A
A_40.jpg,A
A_41.jpg,A
A_42.jpg,A
A_43.jpg,A
A_44.jpg,A
A_45.jpg,A
A_46.jpg,A
A_47.jpg,A
A_48.jpg,A
A_49.jpg,A
A_50.jpg,A
A_51.jpg,A
A_52.jpg,A
A_53.jpg,A
A_54.jpg,A
A_55.jpg,A
A_56.jpg,A
A_57.jpg,A
A_58.jpg,A
A_59.jpg,A
A_60.jpg,A
A_61.jpg,A
A_62.jpg,A
A_63.jpg,A
A_64.jpg,A
A_65.jpg,A
A_66.jpg,A
A_67.jpg,A
A_68.jpg,A
A_69.jpg,A
A_70.jpg,A
A_71.jpg,A
A_72.jpg,A
A_73.jpg,A
A_74.jpg,A
A_75.jpg,A
A_76.jpg,A
A_77.jpg,A
A_78.jpg,A
A_79.jpg,A
A_80.jpg,A
A_81.jpg,A
A_82.jpg,A
A_83.jpg,A
A_84.jpg,A
A_85.jpg,A
A_86.jpg,A
A_87.jpg,A
A_88.jpg,A
A_89.jpg,A
A_90.jpg,A
A_91.jpg,A
A_92.jpg,A
A_93.jpg,A
A_94.jpg,A
A_95.jpg,A
A_96.jpg,A
A_97.jpg,A
A_98.jpg,A
A_99.jpg,A
A_100.jpg,A
B_0.jpg,B
B_1.jpg,B
B_2.jpg,B
B_3.jpg,B
B_4.jpg,B
B_5.jpg,B
B_6.jpg,B
B_7.jpg,B
B_8.jpg,B
B_9.jpg,B
B_10.jpg,B
B_11.jpg,B
B_12.jpg,B
B_13.jpg,B
B_14.jpg,B
B_15.jpg,B
B_16.jpg,B
B_17.jpg,B
B_18.jpg,B
B_19.jpg,B
B_20.jpg,B
B_21.jpg,B
B_22.jpg,B
B_23.jpg,B
B_24.jpg,B
B_25.jpg,B
B_26.jpg,B
B_27.jpg,B
B_28.jpg,B
B_29.jpg,B
B_30.jpg,B
B_31.jpg,B
B_32.jpg,B
B_33.jpg,B
B_34.jpg,B
B_35.jpg,B
B_36.jpg,B
B_37.jpg,B
B_38.jpg,B
B_39.jpg,B
B_40.jpg,B
B_41.jpg,B
B_42.jpg,B
B_43.jpg,B
B_44.jpg,B
B_45.jpg,B
B_46.jpg,B
B_47.jpg,B
B_48.jpg,B
B_49.jpg,B
B_50.jpg,B
B_51.jpg,B
B_52.jpg,B
B_53.jpg,B
B_54.jpg,B
B_55.jpg,B
B_56.jpg,B
B_57.jpg,B
B_58.jpg,B
B_59.jpg,B
B_60.jpg,B
B_61.jpg,B
B_62.jpg,B
B_63.jpg,B
B_64.jpg,B
B_65.jpg,B
B_66.jpg,B
B_67.jpg,B
B_68.jpg,B
B_69.jpg,B
B_70.jpg,B
B_71.jpg,B
B_72.jpg,B
B_73.jpg,B
B_74.jpg,B
B_75.jpg,B
B_76.jpg,B
B_77.jpg,B
B_78.jpg,B
B_79.jpg,B
B_80.jpg,B
B_81.jpg,B
B_82.jpg,B
B_83.jpg,B
B_84.jpg,B
B_85.jpg,B
B_86.jpg,B
B_87.jpg,B
B_88.jpg,B
B_89.jpg,B
B_90.jpg,B
B_91.jpg,B
B_92.jpg,B
B_93.jpg,B
B_94.jpg,B
B_95.jpg,B
B_96.jpg,B
B_97.jpg,B
B_98.jpg,B
B_99.jpg,B
B_100.jpg,B
C_0.jpg,C
C_1.jpg,C
C_2.jpg,C
C_3.jpg,C
C_4.jpg,C
C_5.jpg,C
C_6.jpg,C
C_7.jpg,C
C_8.jpg,C
C_9.jpg,C
C_10.jpg,C
C_11.jpg,C
C_12.jpg,C
C_13.jpg,C
C_14.jpg,C
C_15.jpg,C
C_16.jpg,C
C_17.jpg,C
C_18.jpg,C
C_19.jpg,C
C_20.jpg,C
C_21.jpg,C
C_22.jpg,C
C_23.jpg,C
C_24.jpg,C
C_25.jpg,C
C_26.jpg,C
C_27.jpg,C
C_28.jpg,C
C_29.jpg,C
C_30.jpg,C
C_31.jpg,C
C_32.jpg,C
C_33.jpg,C
C_34.jpg,C
C_35.jpg,C
C_36.jpg,C
C_37.jpg,C
C_38.jpg,C
C_39.jpg,C
C_40.jpg,C
C_41.jpg,C
C_42.jpg,C
C_43.jpg,C
C_44.jpg,C
C_45.jpg,C
C_46.jpg,C
C_47.jpg,C
C_48.jpg,C
C_49.jpg,C
C_50.jpg,C
C_51.jpg,C
C_52.jpg,C
C_53.jpg,C
C_54.jpg,C
C_55.jpg,C
C_56.jpg,C
C_57.jpg,C
C_58.jpg,C
C_59.jpg,C
C_60.jpg,C
C_61.jpg,C
C_62.jpg,C
C_63.jpg,C
C_64.jpg,C
C_65.jpg,C
C_66.jpg,C
C_67.jpg,C
C_68.jpg,C
C_69.jpg,C
C_70.jpg,C
C_71.jpg,C
C_72.jpg,C
C_73.jpg,C
C_74.jpg,C
C_75.jpg,C
C_76.jpg,C
C_77.jpg,C
C_78.jpg,C
C_79.jpg,C
C_80.jpg,C
C_81.jpg,C
C_82.jpg,C
C_83.jpg,C
C_84.jpg,C
C_85.jpg,C
C_86.jpg,C
C_87.jpg,C
C_88.jpg,C
C_89.jpg,C
C_90.jpg,C
C_91.jpg,C
C_92.jpg,C
C_93.jpg,C
C_94.jpg,C
C_95.jpg,C
C_96.jpg,C
C_97.jpg,C
C_98.jpg,C
C_99.jpg,C
C_100.jpg,C
D_0.jpg,D
D_1.jpg,D
D_2.jpg,D
D_3.jpg,D
D_4.jpg,D
D_5.jpg,D
D_6.jpg,D
D_7.jpg,D
D_8.jpg,D
D_9.jpg,D
D_10.jpg,D
D_11.jpg,D
D_12.jpg,D
D_13.jpg,D
D_14.jpg,D
D_15.jpg,D
D_16.jpg,D
D_17.jpg,D
D_18.jpg,D
D_19.jpg,D
D_20.jpg,D
D_21.jpg,D
D_22.jpg,D
D_23.jpg,D
D_24.jpg,D
D_25.jpg,D
D_26.jpg,D
D_27.jpg,D
D_28.jpg,D
D_29.jpg,D
D_30.jpg,D
D_31.jpg,D
D_32.jpg,D
D_33.jpg,D
D_34.jpg,D
D_35.jpg,D
D_36.jpg,D
D_37.jpg,D
D_38.jpg,D
D_39.jpg,D
D_40.jpg,D
D_41.jpg,D
D_42.jpg,D
D_43.jpg,D
D_44.jpg,D
D_45.jpg,D
D_46.jpg,D
D_47.jpg,D
D_48.jpg,D
D_49.jpg,D
D_50.jpg,D
D_51.jpg,D
D_52.jpg,D
D_53.jpg,D
D_54.jpg,D
D_55.jpg,D
D_56.jpg,D
D_57.jpg,D
D_58.jpg,D
D_59.jpg,D
D_60.jpg,D
D_61.jpg,D
D_62.jpg,D
D_63.jpg,D
D_64.jpg,D
D_65.jpg,D
D_66.jpg,D
D_67.jpg,D
D_68.jpg,D
D_69.jpg,D
D_70.jpg,D
D_71.jpg,D
D_72.jpg,D
D_73.jpg,D
D_74.jpg,D
D_75.jpg,D
D_76.jpg,D
D_77.jpg,D
D_78.jpg,D
D_79.jpg,D
D_80.jpg,D
D_81.jpg,D
D_82.jpg,D
D_83.jpg,D
D_84.jpg,D
D_85.jpg,D
D_86.jpg,D
D_87.jpg,D
D_88.jpg,D
D_89.jpg,D
D_90.jpg,D
D_91.jpg,D
D_92.jpg,D
D_93.jpg,D
D_94.jpg,D
D_95.jpg,D
D_96.jpg,D
D_97.jpg,D
D_98.jpg,D
D_99.jpg,D
D_100.jpg,D
E_0.jpg,E
E_1.jpg,E
E_2.jpg,E
E_3.jpg,E
E_4.jpg,E
E_5.jpg,E
E_6.jpg,E
E_7.jpg,E
E_8.jpg,E
E_9.jpg,E
E_10.jpg,E
E_11.jpg,E
E_12.jpg,E
E_13.jpg,E
E_14.jpg,E
E_15.jpg,E
E_16.jpg,E
E_17.jpg,E
E_18.jpg,E
E_19.jpg,E
E_20.jpg,E
E_21.jpg,E
E_22.jpg,E
E_23.jpg,E
E_24.jpg,E
E_25.jpg,E
E_26.jpg,E
E_27.jpg,E
E_28.jpg,E
E_29.jpg,E
E_30.jpg,E
E_31.jpg,E
E_32.jpg,E
E_33.jpg,E
E_34.jpg,E
E_35.jpg,E
E_36.jpg,E
E_37.jpg,E
E_38.jpg,E
E_39.jpg,E
E_40.jpg,E
E_41.jpg,E
E_42.jpg,E
E_43.jpg,E
E_44.jpg,E
E_45.jpg,E
E_46.jpg,E
E_47.jpg,E
E_48.jpg,E
E_49.jpg,E
E_50.jpg,E
E_51.jpg,E
E_52.jpg,E
E_53.jpg,E
E_54.jpg,E
E_55.jpg,E
E_56.jpg,E
E_57.jpg,E
E_58.jpg,E
E_59.jpg,E
E_60.jpg,E
E_61.jpg,E
E_62.jpg,E
E_63.jpg,E
E_64.jpg,E
E_65.jpg,E
E_66.jpg,E
E_67.jpg,E
E_68.jpg,E
E_69.jpg,E
E_70.jpg,E
E_71.jpg,E
E_72.jpg,E
E_73.jpg,E
E_74.jpg,E
E_75.jpg,E
E_76.jpg,E
E_77.jpg,E
E_78.jpg,E
E_79.jpg,E
E_80.jpg,E
E_81.jpg,E
E_82.jpg,E
E_83.jpg,E
E_84.jpg,E
E_85.jpg,E
E_86.jpg,E
E_87.jpg,E
E_88.jpg,E
E_89.jpg,E
E_90.jpg,E
E_91.jpg,E
E_92.jpg,E
E_93.jpg,E
E_94.jpg,E
E_95.jpg,E
E_96.jpg,E
E_97.jpg,E
E_98.jpg,E
E_99.jpg,E
E_100.jpg,E
F_0.jpg,F
F_1.jpg,F
F_2.jpg,F
F_3.jpg,F
F_4.jpg,F
F_5.jpg,F
F_6.jpg,F
F_7.jpg,F
F_8.jpg,F
F_9.jpg,F
F_10.jpg,F
F_11.jpg,F
F_12.jpg,F
F_13.jpg,F
F_14.jpg,F
F_15.jpg,F
F_16.jpg,F
F_17.jpg,F
F_18.jpg,F
F_19.jpg,F
F_20.jpg,F
F_21.jpg,F
F_22.jpg,F
F_23.jpg,F
F_24.jpg,F
F_25.jpg,F
F_26.jpg,F
F_27.jpg,F
F_28.jpg,F
F_29.jpg,F
F_30.jpg,F
F_31.jpg,F
F_32.jpg,F
F_33.jpg,F
F_34.jpg,F
F_35.jpg,F
F_36.jpg,F
F_37.jpg,F
F_38.jpg,F
F_39.jpg,F
F_40.jpg,F
F_41.jpg,F
F_42.jpg,F
F_43.jpg,F
F_44.jpg,F
F_45.jpg,F
F_46.jpg,F
F_47.jpg,F
F_48.jpg,F
F_49.jpg,F
F_50.jpg,F
F_51.jpg,F
F_52.jpg,F
F_53.jpg,F
F_54.jpg,F
F_55.jpg,F
F_56.jpg,F
F_57.jpg,F
F_58.jpg,F
F_59.jpg,F
F_60.jpg,F
F_61.jpg,F
F_62.jpg,F
F_63.jpg,F
F_64.jpg,F
F_65.jpg,F
F_66.jpg,F
F_67.jpg,F
F_68.jpg,F
F_69.jpg,F
F_70.jpg,F
F_71.jpg,F
F_72.jpg,F
F_73.jpg,F
F_74.jpg,F
F_75.jpg,F
F_76.jpg,F
F_77.jpg,F
F_78.jpg,F
F_79.jpg,F
F_80.jpg,F
F_81.jpg,F
F_82.jpg,F
F_83.jpg,F
F_84.jpg,F
F_85.jpg,F
F_86.jpg,F
F_87.jpg,F
F_88.jpg,F
F_89.jpg,F
F_90.jpg,F
F_91.jpg,F
F_92.jpg,F
F_93.jpg,F
F_94.jpg,F
F_95.jpg,F
F_96.jpg,F
F_97.jpg,F
F_98.jpg,F
F_99.jpg,F
F_100.jpg,F
G_0.jpg,G
G_1.jpg,G
G_2.jpg,G
G_3.jpg,G
G_4.jpg,G
G_5.jpg,G
G_6.jpg,G
G_7.jpg,G
G_8.jpg,G
G_9.jpg,G
G_10.jpg,G
G_11.jpg,G
G_12.jpg,G
G_13.jpg,G
G_14.jpg,G
G_15.jpg,G
G_16.jpg,G
G_17.jpg,G
G_18.jpg,G
G_19.jpg,G
G_20.jpg,G
G_21.jpg,G
G_22.jpg,G
G_23.jpg,G
G_24.jpg,G
G_25.jpg,G
G_26.jpg,G
G_27.jpg,G
G_28.jpg,G
G_29.jpg,G
G_30.jpg,G
G_31.jpg,G
G_32.jpg,G
G_33.jpg,G
G_34.jpg,G
G_35.jpg,G
G_36.jpg,G
G_37.jpg,G
G_38.jpg,G
G_39.jpg,G
G_40.jpg,G
G_41.jpg,G
G_42.jpg,G
G_43.jpg,G
G_44.jpg,G
G_45.jpg,G
G_46.jpg,G
G_47.jpg,G
G_48.jpg,G
G_49.jpg,G
G_50.jpg,G
G_51.jpg,G
G_52.jpg,G
G_53.jpg,G
G_54.jpg,G
G_55.jpg,G
G_56.jpg,G
G_57.jpg,G
G_58.jpg,G
G_59.jpg,G
G_60.jpg,G
G_61.jpg,G
G_62.jpg,G
G_63.jpg,G
G_64.jpg,G
G_65.jpg,G
G_66.jpg,G
G_67.jpg,G
G_68.jpg,G
G_69.jpg,G
G_70.jpg,G
G_71.jpg,G
G_72.jpg,G
G_73.jpg,G
G_74.jpg,G
G_75.jpg,G
G_76.jpg,G
G_77.jpg,G
G_78.jpg,G
G_79.jpg,G
G_80.jpg,G
G_81.jpg,G
G_82.jpg,G
G_83.jpg,G
G_84.jpg,G
G_85.jpg,G
G_86.jpg,G
G_87.jpg,G
G_88.jpg,G
G_89.jpg,G
G_90.jpg,G
G_91.jpg,G
G_92.jpg,G
G_93.jpg,G
G_94.jpg,G
G_95.jpg,G
G_96.jpg,G
G_97.jpg,G
G_98.jpg,G
G_99.jpg,G
G_100.jpg,G
H_0.jpg,H
H_1.jpg,H
H_2.jpg,H
H_3.jpg,H
H_4.jpg,H
H_5.jpg,H
H_6.jpg,H
H_7.jpg,H
H_8.jpg,H
H_9.jpg,H
H_10.jpg,H
H_11.jpg,H
H_12.jpg,H
H_13.jpg,H
H_14.jpg,H
H_15.jpg,H
H_16.jpg,H
H_17.jpg,H
H_18.jpg,H
H_19.jpg,H
H_20.jpg,H
H_21.jpg,H
H_22.jpg,H
H_23.jpg,H
H_24.jpg,H
H_25.jpg,H
H_26.jpg,H
H_27.jpg,H
H_28.jpg,H
H_29.jpg,H
H_30.jpg,H
H_31.jpg,H
H_32.jpg,H
H_33.jpg,H
H_34.jpg,H
H_35.jpg,H
H_36.jpg,H
H_37.jpg,H
H_38.jpg,H
H_39.jpg,H
H_40.jpg,H
H_41.jpg,H
H_42.jpg,H
H_43.jpg,H
H_44.jpg,H
H_45.jpg,H
H_46.jpg,H
H_47.jpg,H
H_48.jpg,H
H_49.jpg,H
H_50.jpg,H
H_51.jpg,H
H_52.jpg,H
H_53.jpg,H
H_54.jpg,H
H_55.jpg,H
H_56.jpg,H
H_57.jpg,H
H_58.jpg,H
H_59.jpg,H
H_60.jpg,H
H_61.jpg,H
H_62.jpg,H
H_63.jpg,H
H_64.jpg,H
H_65.jpg,H
H_66.jpg,H
H_67.jpg,H
H_68.jpg,H
H_69.jpg,H
H_70.jpg,H
H_71.jpg,H
H_72.jpg,H
H_73.jpg,H
H_74.jpg,H
H_75.jpg,H
H_76.jpg,H
H_77.jpg,H
H_78.jpg,H
H_79.jpg,H
H_80.jpg,H
H_81.jpg,H
H_82.jpg,H
H_83.jpg,H
H_84.jpg,H
H_85.jpg,H
H_86.jpg,H
H_87.jpg,H
H_88.jpg,H
H_89.jpg,H
H_90.jpg,H
H_91.jpg,H
H_92.jpg,H
H_93.jpg,H
H_94.jpg,H
H_95.jpg,H
H_96.jpg,H
H_97.jpg,H
H_98.jpg,H
H_99.jpg,H
H_100.jpg,H
I_0.jpg,I
I_1.jpg,I
I_2.jpg,I
I_3.jpg,I
I_4.jpg,I
I_5.jpg,I
I_6.jpg,I
I_7.jpg,I
I_8.jpg,I
I_9.jpg,I
I_10.jpg,I
I_11.jpg,I
I_12.jpg,I
I_13.jpg,I
I_14.jpg,I
I_15.jpg,I
I_16.jpg,I
I_17.jpg,I
I_18.jpg,I
I_19.jpg,I
I_20.jpg,I
I_21.jpg,I
I_22.jpg,I
I_23.jpg,I
I_24.jpg,I
I_25.jpg,I
I_26.jpg,I
I_27.jpg,I
I_28.jpg,I
I_29.jpg,I
I_30.jpg,I
I_31.jpg,I
I_32.jpg,I
I_33.jpg,I
I_34.jpg,I
I_35.jpg,I
I_36.jpg,I
I_37.jpg,I
I_38.jpg,I
I_39.jpg,I
I_40.jpg,I
I_41.jpg,I
I_42.jpg,I
I_43.jpg,I
I_44.jpg,I
I_45.jpg,I
I_46.jpg,I
I_47.jpg,I
I_48.jpg,I
I_49.jpg,I
I_50.jpg,I
I_51.jpg,I
I_52.jpg,I
I_53.jpg,I
I_54.jpg,I
I_55.jpg,I
I_56.jpg,I
I_57.jpg,I
I_58.jpg,I
I_59.jpg,I
I_60.jpg,I
I_61.jpg,I
I_62.jpg,I
I_63.jpg,I
I_64.jpg,I
I_65.jpg,I
I_66.jpg,I
I_67.jpg,I
I_68.jpg,I
I_69.jpg,I
I_70.jpg,I
I_71.jpg,I
I_72.jpg,I
I_73.jpg,I
I_74.jpg,I
I_75.jpg,I
I_76.jpg,I
I_77.jpg,I
I_78.jpg,I
I_79.jpg,I
I_80.jpg,I
I_81.jpg,I
I_82.jpg,I
I_83.jpg,I
I_84.jpg,I
I_85.jpg,I
I_86.jpg,I
I_87.jpg,I
I_88.jpg,I
I_89.jpg,I
I_90.jpg,I
I_91.jpg,I
I_92.jpg,I
I_93.jpg,I
I_94.jpg,I
I_95.jpg,I
I_96.jpg,I
I_97.jpg,I
I_98.jpg,I
I_99.jpg,I
I_100.jpg,I
J_0.jpg,J
J_1.jpg,J
J_2.jpg,J
J_3.jpg,J
J_4.jpg,J
J_5.jpg,J
J_6.jpg,J
J_7.jpg,J
J_8.jpg,J
J_9.jpg,J
J_10.jpg,J
J_11.jpg,J
J_12.jpg,J
J_13.jpg,J
J_14.jpg,J
J_15.jpg,J
J_16.jpg,J
J_17.jpg,J
J_18.jpg,J
J_19.jpg,J
J_20.jpg,J
J_21.jpg,J
J_22.jpg,J
J_23.jpg,J
J_24.jpg,J
J_25.jpg,J
J_26.jpg,J
J_27.jpg,J
J_28.jpg,J
J_29.jpg,J
J_30.jpg,J
J_31.jpg,J
J_32.jpg,J
J_33.jpg,J
J_34.jpg,J
J_35.jpg,J
J_36.jpg,J
J_37.jpg,J
J_38.jpg,J
J_39.jpg,J
J_40.jpg,J
J_41.jpg,J
J_42.jpg,J
J_43.jpg,J
J_44.jpg,J
J_45.jpg,J
J_46.jpg,J
J_47.jpg,J
J_48.jpg,J
J_49.jpg,J
J_50.jpg,J
J_51.jpg,J
J_52.jpg,J
J_53.jpg,J
J_54.jpg,J
J_55.jpg,J
J_56.jpg,J
J_57.jpg,J
J_58.jpg,J
J_59.jpg,J
J_60.jpg,J
J_61.jpg,J
J_62.jpg,J
J_63.jpg,J
J_64.jpg,J
J_65.jpg,J
J_66.jpg,J
J_67.jpg,J
J_68.jpg,J
J_69.jpg,J
J_70.jpg,J
J_71.jpg,J
J_72.jpg,J
J_73.jpg,J
J_74.jpg,J
J_75.jpg,J
J_76.jpg,J
J_77.jpg,J
J_78.jpg,J
J_79.jpg,J
J_80.jpg,J
J_81.jpg,J
J_82.jpg,J
J_83.jpg,J
J_84.jpg,J
J_85.jpg,J
J_86.jpg,J
J_87.jpg,J
J_88.jpg,J
J_89.jpg,J
J_90.jpg,J
J_91.jpg,J
J_92.jpg,J
J_93.jpg,J
J_94.jpg,J
J_95.jpg,J
J_96.jpg,J
J_97.jpg,J
J_98.jpg,J
J_99.jpg,J
J_100.jpg,J
K_0.jpg,K
K_1.jpg,K
K_2.jpg,K
K_3.jpg,K
K_4.jpg,K
K_5.jpg,K
K_6.jpg,K
K_7.jpg,K
K_8.jpg,K
K_9.jpg,K
K_10.jpg,K
K_11.jpg,K
K_12.jpg,K
K_13.jpg,K
K_14.jpg,K
K_15.jpg,K
K_16.jpg,K
K_17.jpg,K
K_18.jpg,K
K_19.jpg,K
K_20.jpg,K
K_21.jpg,K
K_22.jpg,K
K_23.jpg,K
K_24.jpg,K
K_25.jpg,K
K_26.jpg,K
K_27.jpg,K
K_28.jpg,K
K_29.jpg,K
K_30.jpg,K
K_31.jpg,K
K_32.jpg,K
K_33.jpg,K
K_34.jpg,K
K_35.jpg,K
K_36.jpg,K
K_37.jpg,K
K_38.jpg,K
K_39.jpg,K
K_40.jpg,K
K_41.jpg,K
K_42.jpg,K
K_43.jpg,K
K_44.jpg,K
K_45.jpg,K
K_46.jpg,K
K_47.jpg,K
K_48.jpg,K
K_49.jpg,K
K_50.jpg,K
K_51.jpg,K
K_52.jpg,K
K_53.jpg,K
K_54.jpg,K
K_55.jpg,K
K_56.jpg,K
K_57.jpg,K
K_58.jpg,K
K_59.jpg,K
K_60.jpg,K
K_61.jpg,K
K_62.jpg,K
K_63.jpg,K
K_64.jpg,K
K_65.jpg,K
K_66.jpg,K
K_67.jpg,K
K_68.jpg,K
K_69.jpg,K
K_70.jpg,K
K_71.jpg,K
K_72.jpg,K
K_73.jpg,K
K_74.jpg,K
K_75.jpg,K
K_76.jpg,K
K_77.jpg,K
K_78.jpg,K
K_79.jpg,K
K_80.jpg,K
K_81.jpg,K
K_82.jpg,K
K_83.jpg,K
K_84.jpg,K
K_85.jpg,K
K_86.jpg,K
K_87.jpg,K
K_88.jpg,K
K_89.jpg,K
K_90.jpg,K
K_91.jpg,K
K_92.jpg,K
K_93.jpg,K
K_94.jpg,K
K_95.jpg,K
K_96.jpg,K
K_97.jpg,K
K_98.jpg,K
K_99.jpg,K
K_100.jpg,K
L_0.jpg,L
L_1.jpg,L
L_2.jpg,L
L_3.jpg,L
L_4.jpg,L
L_5.jpg,L
L_6.jpg,L
L_7.jpg,L
L_8.jpg,L
L_9.jpg,L
L_10.jpg,L
L_11.jpg,L
L_12.jpg,L
L_13.jpg,L
L_14.jpg,L
L_15.jpg,L
L_16.jpg,L
L_17.jpg,L
L_18.jpg,L
L_19.jpg,L
L_20.jpg,L
L_21.jpg,L
L_22.jpg,L
L_23.jpg,L
L_24.jpg,L
L_25.jpg,L
L_26.jpg,L
L_27.jpg,L
L_28.jpg,L
L_29.jpg,L
L_30.jpg,L
L_31.jpg,L
L_32.jpg,L
L_33.jpg,L
L_34.jpg,L
L_35.jpg,L
L_36.jpg,L
L_37.jpg,L
L_38.jpg,L
L_39.jpg,L
L_40.jpg,L
L_41.jpg,L
L_42.jpg,L
L_43.jpg,L
L_44.jpg,L
L_45.jpg,L
L_46.jpg,L
L_47.jpg,L
L_48.jpg,L
L_49.jpg,L
L_50.jpg,L
L_51.jpg,L
L_52.jpg,L
L_53.jpg,L
L_54.jpg,L
L_55.jpg,L
L_56.jpg,L
L_57.jpg,L
L_58.jpg,L
L_59.jpg,L
L_60.jpg,L
L_61.jpg,L
L_62.jpg,L
L_63.jpg,L
L_64.jpg,L
L_65.jpg,L
L_66.jpg,L
L_67.jpg,L
L_68.jpg,L
L_69.jpg,L
L_70.jpg,L
L_71.jpg,L
L_72.jpg,L
L_73.jpg,L
L_74.jpg,L
L_75.jpg,L
L_76.jpg,L
L_77.jpg,L
L_78.jpg,L
L_79.jpg,L
L_80.jpg,L
L_81.jpg,L
L_82.jpg,L
L_83.jpg,L
L_84.jpg,L
L_85.jpg,L
L_86.jpg,L
L_87.jpg,L
L_88.jpg,L
L_89.jpg,L
L_90.jpg,L
L_91.jpg,L
L_92.jpg,L
L_93.jpg,L
L_94.jpg,L
L_95.jpg,L
L_96.jpg,L
L_97.jpg,L
L_98.jpg,L
L_99.jpg,L
L_100.jpg,L
M_0.jpg,M
M_1.jpg,M
M_2.jpg,M
M_3.jpg,M
M_4.jpg,M
M_5.jpg,M
M_6.jpg,M
M_7.jpg,M
M_8.jpg,M
M_9.jpg,M
M_10.jpg,M
M_11.jpg,M
M_12.jpg,M
M_13.jpg,M
M_14.jpg,M
M_15.jpg,M
M_16.jpg,M
M_17.jpg,M
M_18.jpg,M
M_19.jpg,M
M_20.jpg,M
M_21.jpg,M
M_22.jpg,M
M_23.jpg,M
M_24.jpg,M
M_25.jpg,M
M_26.jpg,M
M_27.jpg,M
M_28.jpg,M
M_29.jpg,M
M_30.jpg,M
M_31.jpg,M
M_32.jpg,M
M_33.jpg,M
M_34.jpg,M
M_35.jpg,M
M_36.jpg,M
M_37.jpg,M
M_38.jpg,M
M_39.jpg,M
M_40.jpg,M
M_41.jpg,M
M_42.jpg,M
M_43.jpg,M
M_44.jpg,M
M_45.jpg,M
M_46.jpg,M
M_47.jpg,M
M_48.jpg,M
M_49.jpg,M
M_50.jpg,M
M_51.jpg,M
M_52.jpg,M
M_53.jpg,M
M_54.jpg,M
M_55.jpg,M
M_56.jpg,M
M_57.jpg,M
M_58.jpg,M
M_59.jpg,M
M_60.jpg,M
M_61.jpg,M
M_62.jpg,M
M_63.jpg,M
M_64.jpg,M
M_65.jpg,M
M_66.jpg,M
M_67.jpg,M
M_68.jpg,M
M_69.jpg,M
M_70.jpg,M
M_71.jpg,M
M_72.jpg,M
M_73.jpg,M
M_74.jpg,M
M_75.jpg,M
M_76.jpg,M
M_77.jpg,M
M_78.jpg,M
M_79.jpg,M
M_80.jpg,M
M_81.jpg,M
M_82.jpg,M
M_83.jpg,M
M_84.jpg,M
M_85.jpg,M
M_86.jpg,M
M_87.jpg,M
M_88.jpg,M
M_89.jpg,M
M_90.jpg,M
M_91.jpg,M
M_92.jpg,M
M_93.jpg,M
M_94.jpg,M
M_95.jpg,M
M_96.jpg,M
M_97.jpg,M
M_98.jpg,M
M_99.jpg,M
M_100.jpg,M
N_0.jpg,N
N_1.jpg,N
N_2.jpg,N
N_3.jpg,N
N_4.jpg,N
N_5.jpg,N
N_6.jpg,N
N_7.jpg,N
N_8.jpg,N
N_9.jpg,N
N_10.jpg,N
N_11.jpg,N
N_12.jpg,N
N_13.jpg,N
N_14.jpg,N
N_15.jpg,N
N_16.jpg,N
N_17.jpg,N
N_18.jpg,N
N_19.jpg,N
N_20.jpg,N
N_21.jpg,N
N_22.jpg,N
N_23.jpg,N
N_24.jpg,N
N_25.jpg,N
N_26.jpg,N
N_27.jpg,N
N_28.jpg,N
N_29.jpg,N
N_30.jpg,N
N_31.jpg,N
N_32.jpg,N
N_33.jpg,N
N_34.jpg,N
N_35.jpg,N
N_36.jpg,N
N_37.jpg,N
N_38.jpg,N
N_39.jpg,N
N_40.jpg,N
N_41.jpg,N
N_42.jpg,N
N_43.jpg,N
N_44.jpg,N
N_45.jpg,N
N_46.jpg,N
N_47.jpg,N
N_48.jpg,N
N_49.jpg,N
N_50.jpg,N
N_51.jpg,N
N_52.jpg,N
N_53.jpg,N
N_54.jpg,N
N_55.jpg,N
N_56.jpg,N
N_57.jpg,N
N_58.jpg,N
N_59.jpg,N
N_60.jpg,N
N_61.jpg,N
N_62.jpg,N
N_63.jpg,N
N_64.jpg,N
N_65.jpg,N
N_66.jpg,N
N_67.jpg,N
N_68.jpg,N
N_69.jpg,N
N_70.jpg,N
N_71.jpg,N
N_72.jpg,N
N_73.jpg,N
N_74.jpg,N
N_75.jpg,N
N_76.jpg,N
N_77.jpg,N
N_78.jpg,N
N_79.jpg,N
N_80.jpg,N
N_81.jpg,N
N_82.jpg,N
N_83.jpg,N
N_84.jpg,N
N_85.jpg,N
N_86.jpg,N
N_87.jpg,N
N_88.jpg,N
N_89.jpg,N
N_90.jpg,N
N_91.jpg,N
N_92.jpg,N
N_93.jpg,N
N_94.jpg,N
N_95.jpg,N
N_96.jpg,N
N_97.jpg,N
N_98.jpg,N
N_99.jpg,N
N_100.jpg,N
O_0.jpg,O
O_1.jpg,O
O_2.jpg,O
O_3.jpg,O
O_4.jpg,O
O_5.jpg,O
O_6.jpg,O
O_7.jpg,O
O_8.jpg,O
O_9.jpg,O
O_10.jpg,O
O_11.jpg,O
O_12.jpg,O
O_13.jpg,O
O_14.jpg,O
O_15.jpg,O
O_16.jpg,O
O_17.jpg,O
O_18.jpg,O
O_19.jpg,O
O_20.jpg,O
O_21.jpg,O
O_22.jpg,O
O_23.jpg,O
O_24.jpg,O
O_25.jpg,O
O_26.jpg,O
O_27.jpg,O
O_28.jpg,O
O_29.jpg,O
O_30.jpg,O
O_31.jpg,O
O_32.jpg,O
O_33.jpg,O
O_34.jpg,O
O_35.jpg,O
O_36.jpg,O
O_37.jpg,O
O_38.jpg,O
O_39.jpg,O
O_40.jpg,O
O_41.jpg,O
O_42.jpg,O
O_43.jpg,O
O_44.jpg,O
O_45.jpg,O
O_46.jpg,O
O_47.jpg,O
O_48.jpg,O
O_49.jpg,O
O_50.jpg,O
O_51.jpg,O
O_52.jpg,O
O_53.jpg,O
O_54.jpg,O
O_55.jpg,O
O_56.jpg,O
O_57.jpg,O
O_58.jpg,O
O_59.jpg,O
O_60.jpg,O
O_61.jpg,O
O_62.jpg,O
O_63.jpg,O
O_64.jpg,O
O_65.jpg,O
O_66.jpg,O
O_67.jpg,O
O_68.jpg,O
O_69.jpg,O
O_70.jpg,O
O_71.jpg,O
O_72.jpg,O
O_73.jpg,O
O_74.jpg,O
O_75.jpg,O
O_76.jpg,O
O_77.jpg,O
O_78.jpg,O
O_79.jpg,O
O_80.jpg,O
O_81.jpg,O
O_82.jpg,O
O_83.jpg,O
O_84.jpg,O
O_85.jpg,O
O_86.jpg,O
O_87.jpg,O
O_88.jpg,O
O_89.jpg,O
O_90.jpg,O
O_91.jpg,O
O_92.jpg,O
O_93.jpg,O
O_94.jpg,O
O_95.jpg,O
O_96.jpg,O
O_97.jpg,O
O_98.jpg,O
O_99.jpg,O
O_100.jpg,O
P_0.jpg,P
P_1.jpg,P
P_2.jpg,P
P_3.jpg,P
P_4.jpg,P
P_5.jpg,P
P_6.jpg,P
P_7.jpg,P
P_8.jpg,P
P_9.jpg,P
P_10.jpg,P
P_11.jpg,P
P_12.jpg,P
P_13.jpg,P
P_14.jpg,P
P_15.jpg,P
P_16.jpg,P
P_17.jpg,P
P_18.jpg,P
P_19.jpg,P
P_20.jpg,P
P_21.jpg,P
P_22.jpg,P
P_23.jpg,P
P_24.jpg,P
P_25.jpg,P
P_26.jpg,P
P_27.jpg,P
P_28.jpg,P
P_29.jpg,P
P_30.jpg,P
P_31.jpg,P
P_32.jpg,P
P_33.jpg,P
P_34.jpg,P
P_35.jpg,P
P_36.jpg,P
P_37.jpg,P
P_38.jpg,P
P_39.jpg,P
P_40.jpg,P
P_41.jpg,P
P_42.jpg,P
P_43.jpg,P
P_44.jpg,P
P_45.jpg,P
P_46.jpg,P
P_47.jpg,P
P_48.jpg,P
P_49.jpg,P
P_50.jpg,P
P_51.jpg,P
P_52.jpg,P
P_53.jpg,P
P_54.jpg,P
P_55.jpg,P
P_56.jpg,P
P_57.jpg,P
P_58.jpg,P
P_59.jpg,P
P_60.jpg,P
P_61.jpg,P
P_62.jpg,P
P_63.jpg,P
P_64.jpg,P
P_65.jpg,P
P_66.jpg,P
P_67.jpg,P
P_68.jpg,P
P_69.jpg,P
P_70.jpg,P
P_71.jpg,P
P_72.jpg,P
P_73.jpg,P
P_74.jpg,P
P_75.jpg,P
P_76.jpg,P
P_77.jpg,P
P_78.jpg,P
P_79.jpg,P
P_80.jpg,P
P_81.jpg,P
P_82.jpg,P
P_83.jpg,P
P_84.jpg,P
P_85.jpg,P
P_86.jpg,P
P_87.jpg,P
P_88.jpg,P
P_89.jpg,P
P_90.jpg,P
P_91.jpg,P
P_92.jpg,P
P_93.jpg,P
P_94.jpg,P
P_95.jpg,P
P_96.jpg,P
P_97.jpg,P
P_98.jpg,P
P_99.jpg,P
P_100.jpg,P
Q_0.jpg,Q
Q_1.jpg,Q
Q_2.jpg,Q
Q_3.jpg,Q
Q_4.jpg,Q
Q_5.jpg,Q
Q_6.jpg,Q
Q_7.jpg,Q
Q_8.jpg,Q
Q_9.jpg,Q
Q_10.jpg,Q
Q_11.jpg,Q
Q_12.jpg,Q
Q_13.jpg,Q
Q_14.jpg,Q
Q_15.jpg,Q
Q_16.jpg,Q
Q_17.jpg,Q
Q_18.jpg,Q
Q_19.jpg,Q
Q_20.jpg,Q
Q_21.jpg,Q
Q_22.jpg,Q
Q_23.jpg,Q
Q_24.jpg,Q
Q_25.jpg,Q
Q_26.jpg,Q
Q_27.jpg,Q
Q_28.jpg,Q
Q_29.jpg,Q
Q_30.jpg,Q
Q_31.jpg,Q
Q_32.jpg,Q
Q_33.jpg,Q
Q_34.jpg,Q
Q_35.jpg,Q
Q_36.jpg,Q
Q_37.jpg,Q
Q_38.jpg,Q
Q_39.jpg,Q
Q_40.jpg,Q
Q_41.jpg,Q
Q_42.jpg,Q
Q_43.jpg,Q
Q_44.jpg,Q
Q_45.jpg,Q
Q_46.jpg,Q
Q_47.jpg,Q
Q_48.jpg,Q
Q_49.jpg,Q
Q_50.jpg,Q
Q_51.jpg,Q
Q_52.jpg,Q
Q_53.jpg,Q
Q_54.jpg,Q
Q_55.jpg,Q
Q_56.jpg,Q
Q_57.jpg,Q
Q_58.jpg,Q
Q_59.jpg,Q
Q_60.jpg,Q
Q_61.jpg,Q
Q_62.jpg,Q
Q_63.jpg,Q
Q_64.jpg,Q
Q_65.jpg,Q
Q_66.jpg,Q
Q_67.jpg,Q
Q_68.jpg,Q
Q_69.jpg,Q
Q_70.jpg,Q
Q_71.jpg,Q
Q_72.jpg,Q
Q_73.jpg,Q
Q_74.jpg,Q
Q_75.jpg,Q
Q_76.jpg,Q
Q_77.jpg,Q
Q_78.jpg,Q
Q_79.jpg,Q
Q_80.jpg,Q
Q_81.jpg,Q
Q_82.jpg,Q
Q_83.jpg,Q
Q_84.jpg,Q
Q_85.jpg,Q
Q_86.jpg,Q
Q_87.jpg,Q
Q_88.jpg,Q
Q_89.jpg,Q
Q_90.jpg,Q
Q_91.jpg,Q
Q_92.jpg,Q
Q_93.jpg,Q
Q_94.jpg,Q
Q_95.jpg,Q
Q_96.jpg,Q
Q_97.jpg,Q
Q_98.jpg,Q
Q_99.jpg,Q
Q_100.jpg,Q
R_0.jpg,R
R_1.jpg,R
R_2.jpg,R
R_3.jpg,R
R_4.jpg,R
R_5.jpg,R
R_6.jpg,R
R_7.jpg,R
R_8.jpg,R
R_9.jpg,R
R_10.jpg,R
R_11.jpg,R
R_12.jpg,R
R_13.jpg,R
R_14.jpg,R
R_15.jpg,R
R_16.jpg,R
R_17.jpg,R
R_18.jpg,R
R_19.jpg,R
R_20.jpg,R
R_21.jpg,R
R_22.jpg,R
R_23.jpg,R
R_24.jpg,R
R_25.jpg,R
R_26.jpg,R
R_27.jpg,R
R_28.jpg,R
R_29.jpg,R
R_30.jpg,R
R_31.jpg,R
R_32.jpg,R
R_33.jpg,R
R_34.jpg,R
R_35.jpg,R
R_36.jpg,R
R_37.jpg,R
R_38.jpg,R
R_39.jpg,R
R_40.jpg,R
R_41.jpg,R
R_42.jpg,R
R_43.jpg,R
R_44.jpg,R
R_45.jpg,R
R_46.jpg,R
R_47.jpg,R
R_48.jpg,R
R_49.jpg,R
R_50.jpg,R
R_51.jpg,R
R_52.jpg,R
R_53.jpg,R
R_54.jpg,R
R_55.jpg,R
R_56.jpg,R
R_57.jpg,R
R_58.jpg,R
R_59.jpg,R
R_60.jpg,R
R_61.jpg,R
R_62.jpg,R
R_63.jpg,R
R_64.jpg,R
R_65.jpg,R
R_66.jpg,R
R_67.jpg,R
R_68.jpg,R
R_69.jpg,R
R_70.jpg,R
R_71.jpg,R
R_72.jpg,R
R_73.jpg,R
R_74.jpg,R
R_75.jpg,R
R_76.jpg,R
R_77.jpg,R
R_78.jpg,R
R_79.jpg,R
R_80.jpg,R
R_81.jpg,R
R_82.jpg,R
R_83.jpg,R
R_84.jpg,R
R_85.jpg,R
R_86.jpg,R
R_87.jpg,R
R_88.jpg,R
R_89.jpg,R
R_90.jpg,R
R_91.jpg,R
R_92.jpg,R
R_93.jpg,R
R_94.jpg,R
R_95.jpg,R
R_96.jpg,R
R_97.jpg,R
R_98.jpg,R
R_99.jpg,R
R_100.jpg,R
S_0.jpg,S
S_1.jpg,S
S_2.jpg,S
S_3.jpg,S
S_4.jpg,S
S_5.jpg,S
S_6.jpg,S
S_7.jpg,S
S_8.jpg,S
S_9.jpg,S
S_10.jpg,S
S_11.jpg,S
S_12.jpg,S
S_13.jpg,S
S_14.jpg,S
S_15.jpg,S
S_16.jpg,S
S_17.jpg,S
S_18.jpg,S
S_19.jpg,S
S_20.jpg,S
S_21.jpg,S
S_22.jpg,S
S_23.jpg,S
S_24.jpg,S
S_25.jpg,S
S_26.jpg,S
S_27.jpg,S
S_28.jpg,S
S_29.jpg,S
S_30.jpg,S
S_31.jpg,S
S_32.jpg,S
S_33.jpg,S
S_34.jpg,S
S_35.jpg,S
S_36.jpg,S
S_37.jpg,S
S_38.jpg,S
S_39.jpg,S
S_40.jpg,S
S_41.jpg,S
S_42.jpg,S
S_43.jpg,S
S_44.jpg,S
S_45.jpg,S
S_46.jpg,S
S_47.jpg,S
S_48.jpg,S
S_49.jpg,S
S_50.jpg,S
S_51.jpg,S
S_52.jpg,S
S_53.jpg,S
S_54.jpg,S
S_55.jpg,S
S_56.jpg,S
S_57.jpg,S
S_58.jpg,S
S_59.jpg,S
S_60.jpg,S
S_61.jpg,S
S_62.jpg,S
S_63.jpg,S
S_64.jpg,S
S_65.jpg,S
S_66.jpg,S
S_67.jpg,S
S_68.jpg,S
S_69.jpg,S
S_70.jpg,S
S_71.jpg,S
S_72.jpg,S
S_73.jpg,S
S_74.jpg,S
S_75.jpg,S
S_76.jpg,S
S_77.jpg,S
S_78.jpg,S
S_79.jpg,S
S_80.jpg,S
S_81.jpg,S
S_82.jpg,S
S_83.jpg,S
S_84.jpg,S
S_85.jpg,S
S_86.jpg,S
S_87.jpg,S
S_88.jpg,S
S_89.jpg,S
S_90.jpg,S
S_91.jpg,S
S_92.jpg,S
S_93.jpg,S
S_94.jpg,S
S_95.jpg,S
S_96.jpg,S
S_97.jpg,S
S_98.jpg,S
S_99.jpg,S
S_100.jpg,S
T_0.jpg,T
T_1.jpg,T
T_2.jpg,T
T_3.jpg,T
T_4.jpg,T
T_5.jpg,T
T_6.jpg,T
T_7.jpg,T
T_8.jpg,T
T_9.jpg,T
T_10.jpg,T
T_11.jpg,T
T_12.jpg,T
T_13.jpg,T
T_14.jpg,T
T_15.jpg,T
T_16.jpg,T
T_17.jpg,T
T_18.jpg,T
T_19.jpg,T
T_20.jpg,T
T_21.jpg,T
T_22.jpg,T
T_23.jpg,T
T_24.jpg,T
T_25.jpg,T
T_26.jpg,T
T_27.jpg,T
T_28.jpg,T
T_29.jpg,T
T_30.jpg,T
T_31.jpg,T
T_32.jpg,T
T_33.jpg,T
T_34.jpg,T
T_35.jpg,T
T_36.jpg,T
T_37.jpg,T
T_38.jpg,T
T_39.jpg,T
T_40.jpg,T
T_41.jpg,T
T_42.jpg,T
T_43.jpg,T
T_44.jpg,T
T_45.jpg,T
T_46.jpg,T
T_47.jpg,T
T_48.jpg,T
T_49.jpg,T
T_50.jpg,T
T_51.jpg,T
T_52.jpg,T
T_53.jpg,T
T_54.jpg,T
T_55.jpg,T
T_56.jpg,T
T_57.jpg,T
T_58.jpg,T
T_59.jpg,T
T_60.jpg,T
T_61.jpg,T
T_62.jpg,T
T_63.jpg,T
T_64.jpg,T
T_65.jpg,T
T_66.jpg,T
T_67.jpg,T
T_68.jpg,T
T_69.jpg,T
T_70.jpg,T
T_71.jpg,T
T_72.jpg,T
T_73.jpg,T
T_74.jpg,T
T_75.jpg,T
T_76.jpg,T
T_77.jpg,T
T_78.jpg,T
T_79.jpg,T
T_80.jpg,T
T_81.jpg,T
T_82.jpg,T
T_83.jpg,T
T_84.jpg,T
T_85.jpg,T
T_86.jpg,T
T_87.jpg,T
T_88.jpg,T
T_89.jpg,T
T_90.jpg,T
T_91.jpg,T
T_92.jpg,T
T_93.jpg,T
T_94.jpg,T
T_95.jpg,T
T_96.jpg,T
T_97.jpg,T
T_98.jpg,T
T_99.jpg,T
T_100.jpg,T
U_0.jpg,U
U_1.jpg,U
U_2.jpg,U
U_3.jpg,U
U_4.jpg,U
U_5.jpg,U
U_6.jpg,U
U_7.jpg,U
U_8.jpg,U
U_9.jpg,U
U_10.jpg,U
U_11.jpg,U
U_12.jpg,U
U_13.jpg,U
U_14.jpg,U
U_15.jpg,U
U_16.jpg,U
U_17.jpg,U
U_18.jpg,U
U_19.jpg,U
U_20.jpg,U
U_21.jpg,U
U_22.jpg,U
U_23.jpg,U
U_24.jpg,U
U_25.jpg,U
U_26.jpg,U
U_27.jpg,U
U_28.jpg,U
U_29.jpg,U
U_30.jpg,U
U_31.jpg,U
U_32.jpg,U
U_33.jpg,U
U_34.jpg,U
U_35.jpg,U
U_36.jpg,U
U_37.jpg,U
U_38.jpg,U
U_39.jpg,U
U_40.jpg,U
U_41.jpg,U
U_42.jpg,U
U_43.jpg,U
U_44.jpg,U
U_45.jpg,U
U_46.jpg,U
U_47.jpg,U
U_48.jpg,U
U_49.jpg,U
U_50.jpg,U
U_51.jpg,U
U_52.jpg,U
U_53.jpg,U
U_54.jpg,U
U_55.jpg,U
U_56.jpg,U
U_57.jpg,U
U_58.jpg,U
U_59.jpg,U
U_60.jpg,U
U_61.jpg,U
U_62.jpg,U
U_63.jpg,U
U_64.jpg,U
U_65.jpg,U
U_66.jpg,U
U_67.jpg,U
U_68.jpg,U
U_69.jpg,U
U_70.jpg,U
U_71.jpg,U
U_72.jpg,U
U_73.jpg,U
U_74.jpg,U
U_75.jpg,U
U_76.jpg,U
U_77.jpg,U
U_78.jpg,U
U_79.jpg,U
U_80.jpg,U
U_81.jpg,U
U_82.jpg,U
U_83.jpg,U
U_84.jpg,U
U_85.jpg,U
U_86.jpg,U
U_87.jpg,U
U_88.jpg,U
U_89.jpg,U
U_90.jpg,U
U_91.jpg,U
U_92.jpg,U
U_93.jpg,U
U_94.jpg,U
U_95.jpg,U
U_96.jpg,U
U_97.jpg,U
U_98.jpg,U
U_99.jpg,U
U_100.jpg,U
V_0.jpg,V
V_1.jpg,V
V_2.jpg,V
V_3.jpg,V
V_4.jpg,V
V_5.jpg,V
V_6.jpg,V
V_7.jpg,V
V_8.jpg,V
V_9.jpg,V
V_10.jpg,V
V_11.jpg,V
V_12.jpg,V
V_13.jpg,V
V_14.jpg,V
V_15.jpg,V
V_16.jpg,V
V_17.jpg,V
V_18.jpg,V
V_19.jpg,V
V_20.jpg,V
V_21.jpg,V
V_22.jpg,V
V_23.jpg,V
V_24.jpg,V
V_25.jpg,V
V_26.jpg,V
V_27.jpg,V
V_28.jpg,V
V_29.jpg,V
V_30.jpg,V
V_31.jpg,V
V_32.jpg,V
V_33.jpg,V
V_34.jpg,V
V_35.jpg,V
V_36.jpg,V
V_37.jpg,V
V_38.jpg,V
V_39.jpg,V
V_40.jpg,V
V_41.jpg,V
V_42.jpg,V
V_43.jpg,V
V_44.jpg,V
V_45.jpg,V
V_46.jpg,V
V_47.jpg,V
V_48.jpg,V
V_49.jpg,V
V_50.jpg,V
V_51.jpg,V
V_52.jpg,V
V_53.jpg,V
V_54.jpg,V
V_55.jpg,V
V_56.jpg,V
V_57.jpg,V
V_58.jpg,V
V_59.jpg,V
V_60.jpg,V
V_61.jpg,V
V_62.jpg,V
V_63.jpg,V
V_64.jpg,V
V_65.jpg,V
V_66.jpg,V
V_67.jpg,V
V_68.jpg,V
V_69.jpg,V
V_70.jpg,V
V_71.jpg,V
V_72.jpg,V
V_73.jpg,V
V_74.jpg,V
V_75.jpg,V
V_76.jpg,V
V_77.jpg,V
V_78.jpg,V
V_79.jpg,V
V_80.jpg,V
V_81.jpg,V
V_82.jpg,V
V_83.jpg,V
V_84.jpg,V
V_85.jpg,V
V_86.jpg,V
V_87.jpg,V
V_88.jpg,V
V_89.jpg,V
V_90.jpg,V
V_91.jpg,V
V_92.jpg,V
V_93.jpg,V
V_94.jpg,V
V_95.jpg,V
V_96.jpg,V
V_97.jpg,V
V_98.jpg,V
V_99.jpg,V
V_100.jpg,V
W_0.jpg,W
W_1.jpg,W
W_2.jpg,W
W_3.jpg,W
W_4.jpg,W
W_5.jpg,W
W_6.jpg,W
W_7.jpg,W
W_8.jpg,W
W_9.jpg,W
W_10.jpg,W
W_11.jpg,W
W_12.jpg,W
W_13.jpg,W
W_14.jpg,W
W_15.jpg,W
W_16.jpg,W
W_17.jpg,W
W_18.jpg,W
W_19.jpg,W
W_20.jpg,W
W_21.jpg,W
W_22.jpg,W
W_23.jpg,W
W_24.jpg,W
W_25.jpg,W
W_26.jpg,W
W_27.jpg,W
W_28.jpg,W
W_29.jpg,W
W_30.jpg,W
W_31.jpg,W
W_32.jpg,W
W_33.jpg,W
W_34.jpg,W
W_35.jpg,W
W_36.jpg,W
W_37.jpg,W
W_38.jpg,W
W_39.jpg,W
W_40.jpg,W
W_41.jpg,W
W_42.jpg,W
W_43.jpg,W
W_44.jpg,W
W_45.jpg,W
W_46.jpg,W
W_47.jpg,W
W_48.jpg,W
W_49.jpg,W
W_50.jpg,W
W_51.jpg,W
W_52.jpg,W
W_53.jpg,W
W_54.jpg,W
W_55.jpg,W
W_56.jpg,W
W_57.jpg,W
W_58.jpg,W
W_59.jpg,W
W_60.jpg,W
W_61.jpg,W
W_62.jpg,W
W_63.jpg,W
W_64.jpg,W
W_65.jpg,W
W_66.jpg,W
W_67.jpg,W
W_68.jpg,W
W_69.jpg,W
W_70.jpg,W
W_71.jpg,W
W_72.jpg,W
W_73.jpg,W
W_74.jpg,W
W_75.jpg,W
W_76.jpg,W
W_77.jpg,W
W_78.jpg,W
W_79.jpg,W
W_80.jpg,W
W_81.jpg,W
W_82.jpg,W
W_83.jpg,W
W_84.jpg,W
W_85.jpg,W
W_86.jpg,W
W_87.jpg,W
W_88.jpg,W
W_89.jpg,W
W_90.jpg,W
W_91.jpg,W
W_92.jpg,W
W_93.jpg,W
W_94.jpg,W
W_95.jpg,W
W_96.jpg,W
W_97.jpg,W
W_98.jpg,W
W_99.jpg,W
W_100.jpg,W
X_0.jpg,X
X_1.jpg,X
X_2.jpg,X
X_3.jpg,X
X_4.jpg,X
X_5.jpg,X
X_6.jpg,X
X_7.jpg,X
X_8.jpg,X
X_9.jpg,X
X_10.jpg,X
X_11.jpg,X
X_12.jpg,X
X_13.jpg,X
X_14.jpg,X
X_15.jpg,X
X_16.jpg,X
X_17.jpg,X
X_18.jpg,X
X_19.jpg,X
X_20.jpg,X
X_21.jpg,X
X_22.jpg,X
X_23.jpg,X
X_24.jpg,X
X_25.jpg,X
X_26.jpg,X
X_27.jpg,X
X_28.jpg,X
X_29.jpg,X
X_30.jpg,X
X_31.jpg,X
X_32.jpg,X
X_33.jpg,X
X_34.jpg,X
X_35.jpg,X
X_36.jpg,X
X_37.jpg,X
X_38.jpg,X
X_39.jpg,X
X_40.jpg,X
X_41.jpg,X
X_42.jpg,X
X_43.jpg,X
X_44.jpg,X
X_45.jpg,X
X_46.jpg,X
X_47.jpg,X
X_48.jpg,X
X_49.jpg,X
X_50.jpg,X
X_51.jpg,X
X_52.jpg,X
X_53.jpg,X
X_54.jpg,X
X_55.jpg,X
X_56.jpg,X
X_57.jpg,X
X_58.jpg,X
X_59.jpg,X
X_60.jpg,X
X_61.jpg,X
X_62.jpg,X
X_63.jpg,X
X_64.jpg,X
X_65.jpg,X
X_66.jpg,X
X_67.jpg,X
X_68.jpg,X
X_69.jpg,X
X_70.jpg,X
X_71.jpg,X
X_72.jpg,X
X_73.jpg,X
X_74.jpg,X
X_75.jpg,X
X_76.jpg,X
X_77.jpg,X
X_78.jpg,X
X_79.jpg,X
X_80.jpg,X
X_81.jpg,X
X_82.jpg,X
X_83.jpg,X
X_84.jpg,X
X_85.jpg,X
X_86.jpg,X
X_87.jpg,X
X_88.jpg,X
X_89.jpg,X
X_90.jpg,X
X_91.jpg,X
X_92.jpg,X
X_93.jpg,X
X_94.jpg,X
X_95.jpg,X
X_96.jpg,X
X_97.jpg,X
X_98.jpg,X
X_99.jpg,X
X_100.jpg,X
Y_0.jpg,Y
Y_1.jpg,Y
Y_2.jpg,Y
Y_3.jpg,Y
Y_4.jpg,Y
Y_5.jpg,Y
Y_6.jpg,Y
Y_7.jpg,Y
Y_8.jpg,Y
Y_9.jpg,Y
Y_10.jpg,Y
Y_11.jpg,Y
Y_12.jpg,Y
Y_13.jpg,Y
Y_14.jpg,Y
Y_15.jpg,Y
Y_16.jpg,Y
Y_17.jpg,Y
Y_18.jpg,Y
Y_19.jpg,Y
Y_20.jpg,Y
Y_21.jpg,Y
Y_22.jpg,Y
Y_23.jpg,Y
Y_24.jpg,Y
Y_25.jpg,Y
Y_26.jpg,Y
Y_27.jpg,Y
Y_28.jpg,Y
Y_29.jpg,Y
Y_30.jpg,Y
Y_31.jpg,Y
Y_32.jpg,Y
Y_33.jpg,Y
Y_34.jpg,Y
Y_35.jpg,Y
Y_36.jpg,Y
Y_37.jpg,Y
Y_38.jpg,Y
Y_39.jpg,Y
Y_40.jpg,Y
Y_41.jpg,Y
Y_42.jpg,Y
Y_43.jpg,Y
Y_44.jpg,Y
Y_45.jpg,Y
Y_46.jpg,Y
Y_47.jpg,Y
Y_48.jpg,Y
Y_49.jpg,Y
Y_50.jpg,Y
Y_51.jpg,Y
Y_52.jpg,Y
Y_53.jpg,Y
Y_54.jpg,Y
Y_55.jpg,Y
Y_56.jpg,Y
Y_57.jpg,Y
Y_58.jpg,Y
Y_59.jpg,Y
Y_60.jpg,Y
Y_61.jpg,Y
Y_62.jpg,Y
Y_63.jpg,Y
Y_64.jpg,Y
Y_65.jpg,Y
Y_66.jpg,Y
Y_67.jpg,Y
Y_68.jpg,Y
Y_69.jpg,Y
Y_70.jpg,Y
Y_71.jpg,Y
Y_72.jpg,Y
Y_73.jpg,Y
Y_74.jpg,Y
Y_75.jpg,Y
Y_76.jpg,Y
Y_77.jpg,Y
Y_78.jpg,Y
Y_79.jpg,Y
Y_80.jpg,Y
Y_81.jpg,Y
Y_82.jpg,Y
Y_83.jpg,Y
Y_84.jpg,Y
Y_85.jpg,Y
Y_86.jpg,Y
Y_87.jpg,Y
Y_88.jpg,Y
Y_89.jpg,Y
Y_90.jpg,Y
Y_91.jpg,Y
Y_92.jpg,Y
Y_93.jpg,Y
Y_94.jpg,Y
Y_95.jpg,Y
Y_96.jpg,Y
Y_97.jpg,Y
Y_98.jpg,Y
Y_99.jpg,Y
Y_100.jpg,Y
Z_0.jpg,Z
Z_1.jpg,Z
Z_2.jpg,Z
Z_3.jpg,Z
Z_4.jpg,Z
Z_5.jpg,Z
Z_6.jpg,Z
Z_7.jpg,Z
Z_8.jpg,Z
Z_9.jpg,Z
Z_10.jpg,Z
Z_11.jpg,Z
Z_12.jpg,Z
Z_13.jpg,Z
Z_14.jpg,Z
Z_15.jpg,Z
Z_16.jpg,Z
Z_17.jpg,Z
Z_18.jpg,Z
Z_19.jpg,Z
Z_20.jpg,Z
Z_21.jpg,Z
Z_22.jpg,Z
Z_23.jpg,Z
Z_24.jpg,Z
Z_25.jpg,Z
Z_26.jpg,Z
Z_27.jpg,Z
Z_28.jpg,Z
Z_29.jpg,Z
Z_30.jpg,Z
Z_31.jpg,Z
Z_32.jpg,Z
Z_33.jpg,Z
Z_34.jpg,Z
Z_35.jpg,Z
Z_36.jpg,Z
Z_37.jpg,Z
Z_38.jpg,Z
Z_39.jpg,Z
Z_40.jpg,Z
Z_41.jpg,Z
Z_42.jpg,Z
Z_43.jpg,Z
Z_44.jpg,Z
Z_45.jpg,Z
Z_46.jpg,Z
Z_47.jpg,Z
Z_48.jpg,Z
Z_49.jpg,Z
Z_50.jpg,Z
Z_51.jpg,Z
Z_52.jpg,Z
Z_53.jpg,Z
Z_54.jpg,Z
Z_55.jpg,Z
Z_56.jpg,Z
Z_57.jpg,Z
Z_58.jpg,Z
Z_59.jpg,Z
Z_60.jpg,Z
Z_61.jpg,Z
Z_62.jpg,Z
Z_63.jpg,Z
Z_64.jpg,Z
Z_65.jpg,Z
Z_66.jpg,Z
Z_67.jpg,Z
Z_68.jpg,Z
Z_69.jpg,Z
Z_70.jpg,Z
Z_71.jpg,Z
Z_72.jpg,Z
Z_73.jpg,Z
Z_74.jpg,Z
Z_75.jpg,Z
Z_76.jpg,Z
Z_77.jpg,Z
Z_78.jpg,Z
Z_79.jpg,Z
Z_80.jpg,Z
Z_81.jpg,Z
Z_82.jpg,Z
Z_83.jpg,Z
Z_84.jpg,Z
Z_85.jpg,Z
Z_86.jpg,Z
Z_87.jpg,Z
Z_88.jpg,Z
Z_89.jpg,Z
Z_90.jpg,Z
Z_91.jpg,Z
Z_92.jpg,Z
Z_93.jpg,Z
Z_94.jpg,Z
Z_95.jpg,Z
Z_96.jpg,Z
Z_97.jpg,Z
Z_98.jpg,Z
Z_99.jpg,Z
Z_100.jpg,Z
